,feature_name,instance_level,global_attention
0,PM_US Post,0.14584206,0.12786354
1,DEWP,0.08677224,0.121857144
2,HUMI,0.112291604,0.11536073
3,PRES,0.17078449,0.12715304
4,TEMP,0.15916875,0.12616253
5,Iws,0.093903735,0.13112995
6,precipitation,0.12011286,0.1286628
7,Iprec,0.11112433,0.121810265
