,feature_name,instance_level,global_attention
0,PM_US Post,0.14599055,0.1280478
1,DEWP,0.08670539,0.121783845
2,HUMI,0.112283856,0.11501286
3,PRES,0.17123438,0.12730321
4,TEMP,0.15907624,0.12629329
5,Iws,0.09387032,0.13097589
6,precipitation,0.11986645,0.12858313
7,Iprec,0.11097286,0.12199995
