,feature_name,instance_level,global_attention
0,PM_US Post,0.14522456,0.1270075
1,DEWP,0.08732013,0.12271816
2,HUMI,0.11340667,0.116215
3,PRES,0.16754887,0.12685837
4,TEMP,0.15963301,0.1259257
5,Iws,0.09325721,0.13116021
6,precipitation,0.12109338,0.1285338
7,Iprec,0.11251623,0.12158128
