,feature_name,instance_level,global_attention
0,PM_US Post,0.14100714,0.12514529
1,DEWP,0.08764374,0.12513855
2,HUMI,0.1164078,0.12473909
3,PRES,0.1684846,0.12535986
4,TEMP,0.15383968,0.12507743
5,Iws,0.08790363,0.124943316
6,precipitation,0.12517752,0.12504824
7,Iprec,0.11953592,0.12454823
