,feature_name,instance_level,global_attention
0,PM_US Post,0.14596108,0.1280156
1,DEWP,0.08671669,0.12179531
2,HUMI,0.11228287,0.11508065
3,PRES,0.17115779,0.12726827
4,TEMP,0.15908702,0.12626475
5,Iws,0.09388148,0.1310116
6,precipitation,0.11991693,0.12860547
7,Iprec,0.110996135,0.121958315
