,feature_name,instance_level,global_attention
0,PM_US Post,0.14492284,0.12582995
1,DEWP,0.08864349,0.12404047
2,HUMI,0.11395662,0.11825634
3,PRES,0.16376089,0.12680629
4,TEMP,0.15934971,0.1255255
5,Iws,0.09113243,0.12955497
6,precipitation,0.12260322,0.12722248
7,Iprec,0.11563081,0.12276398
