,feature_name,instance_level,global_attention
0,PM_US Post,0.14590046,0.1279409
1,DEWP,0.086744495,0.12182205
2,HUMI,0.11228877,0.115221135
3,PRES,0.170979,0.12721056
4,TEMP,0.1591202,0.12620881
5,Iws,0.093893975,0.1310706
6,precipitation,0.120016985,0.12864137
7,Iprec,0.11105614,0.12188461
