,feature_name,instance_level,global_attention
0,PM_US Post,0.14570117,0.127621
1,DEWP,0.08688802,0.12204167
2,HUMI,0.11245589,0.11579638
3,PRES,0.16987798,0.12691174
4,TEMP,0.15927611,0.12597623
5,Iws,0.09391151,0.13136236
6,precipitation,0.1204464,0.12868798
7,Iprec,0.11144293,0.12160258
