,feature_name,instance_level,global_attention
0,PM_US Post,0.14521655,0.12634076
1,DEWP,0.08801406,0.12344118
2,HUMI,0.11369999,0.11694409
3,PRES,0.16521153,0.1268645
4,TEMP,0.15980248,0.1257748
5,Iws,0.09224103,0.13064048
6,precipitation,0.12179582,0.12803592
7,Iprec,0.11401856,0.121958256
