,feature_name,instance_level,global_attention
0,PM_US Post,0.14602995,0.12807958
1,DEWP,0.08669431,0.12177295
2,HUMI,0.11228827,0.114943944
3,PRES,0.17130831,0.12733701
4,TEMP,0.15906435,0.12632324
5,Iws,0.093858436,0.13094287
6,precipitation,0.1198132,0.12856223
7,Iprec,0.11094323,0.12203818
