,feature_name,instance_level,global_attention
0,PM_US Post,0.14578307,0.12775345
1,DEWP,0.08681774,0.12192892
2,HUMI,0.11233396,0.11560376
3,PRES,0.1703789,0.1270276
4,TEMP,0.15920413,0.12605736
5,Iws,0.093930766,0.13126118
6,precipitation,0.12028842,0.12869458
7,Iprec,0.11126305,0.12167315
