,feature_name,instance_level,global_attention
0,PM_US Post,0.14349979,0.1253735
1,DEWP,0.08898312,0.12528984
2,HUMI,0.11446427,0.121551044
3,PRES,0.16570084,0.12585978
4,TEMP,0.15737624,0.12542178
5,Iws,0.08847763,0.1265738
6,precipitation,0.12371643,0.12579495
7,Iprec,0.11778174,0.1241353
