,feature_name,instance_level,global_attention
0,PM_US Post,0.14542761,0.12728493
1,DEWP,0.08708009,0.122364685
2,HUMI,0.112892926,0.11601491
3,PRES,0.16869156,0.1268396
4,TEMP,0.1594872,0.12590848
5,Iws,0.0937066,0.13140826
6,precipitation,0.120805025,0.12864748
7,Iprec,0.11190902,0.12153163
