,feature_name,instance_level,global_attention
0,PM_US Post,0.18947883,0.111746505
1,DEWP,0.10963039,0.13544995
2,HUMI,0.11582416,0.1343258
3,PRES,0.10151576,0.10975928
4,TEMP,0.11983659,0.1315778
5,Iws,0.13676769,0.12462455
6,precipitation,0.097947344,0.13006705
7,Iprec,0.12899931,0.12244906
