,feature_name,instance_level,global_attention
0,PM_US Post,0.17533398,0.11574219
1,DEWP,0.111758426,0.1328195
2,HUMI,0.11785434,0.13163947
3,PRES,0.10197281,0.111346394
4,TEMP,0.12130752,0.130061
5,Iws,0.13883631,0.12527485
6,precipitation,0.100881554,0.13048533
7,Iprec,0.1320551,0.12263127
