,feature_name,instance_level,global_attention
0,PM_US Post,0.20302768,0.10727449
1,DEWP,0.10790305,0.13745993
2,HUMI,0.114293545,0.13732742
3,PRES,0.10146003,0.10893227
4,TEMP,0.11849917,0.13308848
5,Iws,0.13465402,0.123580515
6,precipitation,0.09465604,0.12991016
7,Iprec,0.12550652,0.12242674
