,feature_name,instance_level,global_attention
0,PM_US Post,0.20381299,0.106992096
1,DEWP,0.10781588,0.13752049
2,HUMI,0.11421013,0.1375297
3,PRES,0.10149793,0.108926386
4,TEMP,0.118429,0.1331724
5,Iws,0.13450283,0.12346691
6,precipitation,0.094457805,0.12997112
7,Iprec,0.12527348,0.12242091
