,feature_name,instance_level,global_attention
0,PM_US Post,0.19949159,0.10853183
1,DEWP,0.10832768,0.13701579
2,HUMI,0.11464072,0.13645001
3,PRES,0.101324394,0.10907156
4,TEMP,0.11883509,0.13271526
5,Iws,0.13528438,0.12392526
6,precipitation,0.09555509,0.12976804
7,Iprec,0.12654111,0.12252227
