,feature_name,instance_level,global_attention
0,PM_US Post,0.1949908,0.10999401
1,DEWP,0.10887612,0.13640952
2,HUMI,0.1151204,0.1354424
3,PRES,0.10142672,0.10925332
4,TEMP,0.11928217,0.13222925
5,Iws,0.13599256,0.12432801
6,precipitation,0.096642606,0.12986356
7,Iprec,0.12766868,0.12247994
