,feature_name,instance_level,global_attention
0,PM_US Post,0.20544237,0.10639855
1,DEWP,0.107650734,0.13761696
2,HUMI,0.11406082,0.13794582
3,PRES,0.101596065,0.10891241
4,TEMP,0.11829076,0.1333312
5,Iws,0.13417384,0.12325951
6,precipitation,0.09402435,0.13010928
7,Iprec,0.124761105,0.12242624
