,feature_name,instance_level,global_attention
0,PM_US Post,0.20452592,0.10671871
1,DEWP,0.107749835,0.13756299
2,HUMI,0.11414008,0.13771504
3,PRES,0.101539016,0.10892412
4,TEMP,0.11837126,0.13324551
5,Iws,0.13436094,0.12338143
6,precipitation,0.09426518,0.13002841
7,Iprec,0.12504783,0.12242376
