,feature_name,instance_level,global_attention
0,PM_US Post,0.12021504,0.12615953
1,DEWP,0.12281208,0.123976335
2,HUMI,0.12761113,0.1250439
3,PRES,0.10927152,0.12474845
4,TEMP,0.12805434,0.12635083
5,Iws,0.13571656,0.12474829
6,precipitation,0.110788055,0.1245305
7,Iprec,0.1455313,0.12444215
