,feature_name,instance_level,global_attention
0,PM_US Post,0.20576222,0.10627879
1,DEWP,0.107623085,0.13763113
2,HUMI,0.11403502,0.13802628
3,PRES,0.10162082,0.10891117
4,TEMP,0.11826703,0.13336447
5,Iws,0.13410681,0.12321298
6,precipitation,0.09393182,0.1301373
7,Iprec,0.124653265,0.1224379
