,feature_name,instance_level,global_attention
0,PM_US Post,0.20137092,0.107868575
1,DEWP,0.1080976,0.13727918
2,HUMI,0.11444801,0.13691992
3,PRES,0.101397656,0.10897292
4,TEMP,0.118644066,0.13290843
5,Iws,0.13496302,0.12375331
6,precipitation,0.09508398,0.12983651
7,Iprec,0.1259948,0.12246115
