,feature_name,instance_level,global_attention
0,PM_US Post,0.20493947,0.10658335
1,DEWP,0.10770536,0.13759343
2,HUMI,0.11410217,0.13781133
3,PRES,0.101548925,0.10891543
4,TEMP,0.11833809,0.13328676
5,Iws,0.13427466,0.12332846
6,precipitation,0.09416425,0.13006046
7,Iprec,0.12492714,0.122420765
