,feature_name,instance_level,global_attention
0,PM_US Post,0.20560858,0.10633752
1,DEWP,0.10763582,0.13762505
2,HUMI,0.114048004,0.13798675
3,PRES,0.101604074,0.10891171
4,TEMP,0.11828024,0.1333494
5,Iws,0.13413955,0.12323648
6,precipitation,0.09397715,0.13012122
7,Iprec,0.12470663,0.12243187
