,feature_name,instance_level,global_attention
0,PM_US Post,0.20568149,0.10630836
1,DEWP,0.10762989,0.13762695
2,HUMI,0.11404222,0.13800551
3,PRES,0.10161094,0.10891237
4,TEMP,0.1182751,0.13335769
5,Iws,0.1341245,0.123224996
6,precipitation,0.093955204,0.13012986
7,Iprec,0.1246807,0.12243423
