,feature_name,instance_level,global_attention
0,PM_US Post,0.13272525,0.12702888
1,DEWP,0.12032471,0.12545866
2,HUMI,0.12503213,0.12400252
3,PRES,0.10685358,0.1206967
4,TEMP,0.12590046,0.12744868
5,Iws,0.13940416,0.1264545
6,precipitation,0.10821158,0.12578185
7,Iprec,0.14154819,0.12312819
