,feature_name,instance_level,global_attention
0,PM_US Post,0.20527416,0.106457286
1,DEWP,0.10766727,0.13761024
2,HUMI,0.114075765,0.13789989
3,PRES,0.10157385,0.1089172
4,TEMP,0.11831039,0.13331956
5,Iws,0.13421087,0.123282135
6,precipitation,0.09407049,0.13008837
7,Iprec,0.124817275,0.12242533
