,feature_name,instance_level,global_attention
0,PM_US Post,0.16020969,0.12051047
1,DEWP,0.11461276,0.12988152
2,HUMI,0.12030724,0.12879631
3,PRES,0.10324346,0.11359515
4,TEMP,0.12286742,0.12857236
5,Iws,0.13998856,0.12550192
6,precipitation,0.10367849,0.13061011
7,Iprec,0.13509247,0.12253219
