,feature_name,instance_level,global_attention
0,PM_US Post,0.2058067,0.10626343
1,DEWP,0.10761887,0.13763313
2,HUMI,0.11403159,0.138038
3,PRES,0.10162461,0.108910285
4,TEMP,0.118262455,0.13336724
5,Iws,0.13409714,0.123207
6,precipitation,0.093919694,0.13014132
7,Iprec,0.12463898,0.12243958
