,feature_name,instance_level,global_attention
0,PM_US Post,0.16091527,0.12531489
1,DEWP,0.10066161,0.12292904
2,HUMI,0.09406889,0.12278109
3,PRES,0.12867264,0.12346368
4,TEMP,0.13137983,0.12703854
5,Iws,0.13777734,0.12594786
6,precipitation,0.13319953,0.12519306
7,Iprec,0.11332488,0.12733187
