,feature_name,instance_level,global_attention
0,PM_US Post,0.16344889,0.12546557
1,DEWP,0.10032536,0.118534364
2,HUMI,0.0963051,0.12060192
3,PRES,0.12564833,0.12445468
4,TEMP,0.13222978,0.12667488
5,Iws,0.14254037,0.12825467
6,precipitation,0.12969944,0.12740311
7,Iprec,0.10980275,0.12861077
