,feature_name,instance_level,global_attention
0,PM_US Post,0.1640345,0.12536564
1,DEWP,0.10018547,0.1170388
2,HUMI,0.096618995,0.12171336
3,PRES,0.12673984,0.12477276
4,TEMP,0.13134421,0.12615949
5,Iws,0.14346877,0.12769029
6,precipitation,0.12898654,0.12791033
7,Iprec,0.108621724,0.1293493
