,feature_name,instance_level,global_attention
0,PM_US Post,0.16333576,0.12577704
1,DEWP,0.10051719,0.12005884
2,HUMI,0.09535159,0.12035696
3,PRES,0.12565486,0.1240509
4,TEMP,0.13268849,0.12699258
5,Iws,0.14094023,0.12817769
6,precipitation,0.13059369,0.12669334
7,Iprec,0.11091821,0.12789266
