,feature_name,instance_level,global_attention
0,PM_US Post,0.1658296,0.12543613
1,DEWP,0.10041594,0.114801854
2,HUMI,0.09676192,0.123673305
3,PRES,0.12844782,0.12501448
4,TEMP,0.13007689,0.12496536
5,Iws,0.1438627,0.12646429
6,precipitation,0.12787291,0.12840089
7,Iprec,0.10673224,0.13124372
