,feature_name,instance_level,global_attention
0,PM_US Post,0.16512994,0.12534256
1,DEWP,0.100331135,0.115400866
2,HUMI,0.09673368,0.123118006
3,PRES,0.12808244,0.124987885
4,TEMP,0.13042307,0.12536092
5,Iws,0.14391112,0.1267974
6,precipitation,0.12816086,0.12835388
7,Iprec,0.10722771,0.13063848
