,feature_name,instance_level,global_attention
0,PM_US Post,0.15799163,0.12501691
1,DEWP,0.099895336,0.12451118
2,HUMI,0.09503999,0.1248889
3,PRES,0.1288678,0.12452699
4,TEMP,0.12940995,0.12591457
5,Iws,0.13858445,0.124626346
6,precipitation,0.13517398,0.124606535
7,Iprec,0.11503689,0.1259086
