,feature_name,instance_level,global_attention
0,PM_US Post,0.16435774,0.12526584
1,DEWP,0.10026064,0.11637313
2,HUMI,0.096681274,0.122302905
3,PRES,0.12726149,0.124859996
4,TEMP,0.13099545,0.12588157
5,Iws,0.14371988,0.12732255
6,precipitation,0.12867747,0.1281375
7,Iprec,0.108046055,0.12985653
