,feature_name,instance_level,global_attention
0,PM_US Post,0.16547641,0.12539987
1,DEWP,0.10037288,0.115094595
2,HUMI,0.09674576,0.12338689
3,PRES,0.12828888,0.12500447
4,TEMP,0.13024712,0.12516204
5,Iws,0.14389342,0.12662596
6,precipitation,0.12800616,0.12838756
7,Iprec,0.106969394,0.13093863
