,feature_name,instance_level,global_attention
0,PM_US Post,0.16485839,0.12529618
1,DEWP,0.10029422,0.11574103
2,HUMI,0.09670914,0.12281728
3,PRES,0.12782906,0.12497179
4,TEMP,0.13061911,0.12555586
5,Iws,0.1438513,0.1269649
6,precipitation,0.12834702,0.12831141
7,Iprec,0.10749178,0.13034159
