,feature_name,instance_level,global_attention
0,PM_US Post,0.16565101,0.12542316
1,DEWP,0.100399666,0.11494105
2,HUMI,0.096761785,0.1235282
3,PRES,0.12836504,0.12501201
4,TEMP,0.1301613,0.12506427
5,Iws,0.14387219,0.12653813
6,precipitation,0.12794001,0.1284009
7,Iprec,0.10684904,0.13109224
