,feature_name,instance_level,global_attention
0,PM_US Post,0.14101297,0.11944254
1,DEWP,0.119361594,0.122335926
2,HUMI,0.13825396,0.1205549
3,PRES,0.12297236,0.11969676
4,TEMP,0.13451274,0.110005915
5,Iws,0.12691535,0.13431652
6,precipitation,0.11661571,0.14870608
7,Iprec,0.100355364,0.12494135
