,feature_name,instance_level,global_attention
0,PM_US Post,0.13872263,0.11382294
1,DEWP,0.13115042,0.120028995
2,HUMI,0.12881537,0.12387069
3,PRES,0.11962643,0.1289563
4,TEMP,0.11702053,0.115970366
5,Iws,0.12845041,0.1324001
6,precipitation,0.12391648,0.14176637
7,Iprec,0.11229779,0.12318424
