,feature_name,instance_level,global_attention
0,PM_US Post,0.1412429,0.119546935
1,DEWP,0.1193181,0.122240186
2,HUMI,0.13807704,0.12054607
3,PRES,0.12334417,0.11925335
4,TEMP,0.13498603,0.10986191
5,Iws,0.12671956,0.13435018
6,precipitation,0.11636828,0.14919148
7,Iprec,0.09994397,0.12500988
