,feature_name,instance_level,global_attention
0,PM_US Post,0.14153135,0.11964187
1,DEWP,0.11928449,0.122125626
2,HUMI,0.13793097,0.12054113
3,PRES,0.1237117,0.1188268
4,TEMP,0.1353398,0.10974528
5,Iws,0.12656201,0.13441904
6,precipitation,0.116100945,0.14964
7,Iprec,0.0995388,0.12506026
