,feature_name,instance_level,global_attention
0,PM_US Post,0.14049256,0.11904322
1,DEWP,0.119788595,0.12246385
2,HUMI,0.13865198,0.12057209
3,PRES,0.12167782,0.12116067
4,TEMP,0.13277,0.11051372
5,Iws,0.12730138,0.1340248
6,precipitation,0.11763024,0.14758113
7,Iprec,0.1016875,0.12464052
