,feature_name,instance_level,global_attention
0,PM_US Post,0.14216603,0.11543217
1,DEWP,0.12820293,0.1205452
2,HUMI,0.13139106,0.12276907
3,PRES,0.11754947,0.12723732
4,TEMP,0.1190745,0.115085185
5,Iws,0.12816237,0.13292511
6,precipitation,0.122725,0.14207628
7,Iprec,0.11072868,0.123929664
