,feature_name,instance_level,global_attention
0,PM_US Post,0.14161234,0.11966422
1,DEWP,0.119288154,0.12209995
2,HUMI,0.13788539,0.120545
3,PRES,0.12379626,0.11872147
4,TEMP,0.13543272,0.10971499
5,Iws,0.1265161,0.13443337
6,precipitation,0.116029024,0.14974828
7,Iprec,0.099440046,0.12507272
