,feature_name,instance_level,global_attention
0,PM_US Post,0.1401957,0.117894754
1,DEWP,0.12188476,0.12198264
2,HUMI,0.13844392,0.121074215
3,PRES,0.11928551,0.12377063
4,TEMP,0.12805918,0.1120016
5,Iws,0.12844853,0.13385333
6,precipitation,0.119192615,0.14530799
7,Iprec,0.10448984,0.12411483
