,feature_name,instance_level,global_attention
0,PM_US Post,0.14137954,0.11959619
1,DEWP,0.11929115,0.122175194
2,HUMI,0.13800058,0.1205446
3,PRES,0.12352294,0.11903785
4,TEMP,0.13518289,0.10979715
5,Iws,0.12664364,0.13439205
6,precipitation,0.1162419,0.14942054
7,Iprec,0.09973741,0.12503646
