,feature_name,instance_level,global_attention
0,PM_US Post,0.14177085,0.11970006
1,DEWP,0.119291835,0.12204799
2,HUMI,0.13780627,0.12054505
3,PRES,0.123949215,0.11852671
4,TEMP,0.13559406,0.10966186
5,Iws,0.12643649,0.1344605
6,precipitation,0.11589922,0.14996389
7,Iprec,0.099252135,0.12509392
