,feature_name,instance_level,global_attention
0,PM_US Post,0.14103353,0.11711998
1,DEWP,0.12376447,0.121428944
2,HUMI,0.1372649,0.121748
3,PRES,0.11818343,0.12500729
4,TEMP,0.12448457,0.113228984
5,Iws,0.12871808,0.13379641
6,precipitation,0.12011314,0.14393261
7,Iprec,0.10643791,0.12373778
