,feature_name,instance_level,global_attention
0,PM_US Post,0.1416831,0.11968177
1,DEWP,0.11928838,0.12207426
2,HUMI,0.13784915,0.1205442
3,PRES,0.12387638,0.1186242
4,TEMP,0.13552286,0.10968759
5,Iws,0.12647314,0.13444635
6,precipitation,0.11596267,0.14985722
7,Iprec,0.099344365,0.12508437
