,feature_name,instance_level,global_attention
0,PM_US Post,0.14173226,0.11969131
1,DEWP,0.11928872,0.12206206
2,HUMI,0.13782461,0.12054485
3,PRES,0.12391537,0.11857408
4,TEMP,0.13555178,0.10967542
5,Iws,0.12645699,0.13445412
6,precipitation,0.11593169,0.14991075
7,Iprec,0.099298626,0.12508738
