,feature_name,instance_level,global_attention
0,PM_US Post,0.14081384,0.11932278
1,DEWP,0.11949162,0.12240259
2,HUMI,0.13837434,0.120601624
3,PRES,0.122574076,0.120135285
4,TEMP,0.13399589,0.11016275
5,Iws,0.12705363,0.13423973
6,precipitation,0.11691017,0.1482955
7,Iprec,0.10078649,0.12483975
