,feature_name,instance_level,global_attention
0,PM_US Post,0.14029433,0.11869687
1,DEWP,0.12035469,0.12244665
2,HUMI,0.13868913,0.12072262
3,PRES,0.12068927,0.12209402
4,TEMP,0.13158713,0.110885315
5,Iws,0.1275898,0.13385537
6,precipitation,0.11818871,0.14683236
7,Iprec,0.10260697,0.12446681
