,feature_name,instance_level,global_attention
0,PM_US Post,0.11319866,0.12525247
1,DEWP,0.102359705,0.1258606
2,HUMI,0.13018575,0.124031916
3,PRES,0.10152197,0.12530318
4,TEMP,0.13808995,0.12498833
5,Iws,0.19213612,0.1249609
6,precipitation,0.10184599,0.12423726
7,Iprec,0.12066191,0.12536532
