,feature_name,instance_level,global_attention
0,PM_US Post,0.15981865,0.11502624
1,DEWP,0.098049685,0.13174336
2,HUMI,0.120506115,0.13151158
3,PRES,0.092709735,0.11548416
4,TEMP,0.13225369,0.126461
5,Iws,0.19083293,0.12490926
6,precipitation,0.09385437,0.1294293
7,Iprec,0.11197488,0.1254351
