,feature_name,instance_level,global_attention
0,PM_US Post,0.1628775,0.114154704
1,DEWP,0.097787224,0.13231096
2,HUMI,0.11996865,0.13211995
3,PRES,0.09235887,0.11475002
4,TEMP,0.13216163,0.12666705
5,Iws,0.18999511,0.12469164
6,precipitation,0.09343223,0.12975049
7,Iprec,0.11141885,0.12555519
