,feature_name,instance_level,global_attention
0,PM_US Post,0.13492244,0.123388335
1,DEWP,0.100522704,0.1286427
2,HUMI,0.12554117,0.1267419
3,PRES,0.09661049,0.11997463
4,TEMP,0.13340707,0.12529641
5,Iws,0.19549997,0.12586893
6,precipitation,0.09703415,0.124952644
7,Iprec,0.11646205,0.12513447
