,feature_name,instance_level,global_attention
0,PM_US Post,0.16234295,0.114312395
1,DEWP,0.09783482,0.13220935
2,HUMI,0.120062314,0.13201539
3,PRES,0.09241846,0.114885844
4,TEMP,0.13217372,0.12662901
5,Iws,0.19014506,0.124743275
6,precipitation,0.093504235,0.12968011
7,Iprec,0.11151849,0.12552461
