,feature_name,instance_level,global_attention
0,PM_US Post,0.11882675,0.12738457
1,DEWP,0.101702735,0.12647067
2,HUMI,0.12932454,0.123490006
3,PRES,0.09983791,0.123387136
4,TEMP,0.13602225,0.12541737
5,Iws,0.1953105,0.1259889
6,precipitation,0.09960779,0.12305058
7,Iprec,0.11936754,0.12481085
