,feature_name,instance_level,global_attention
0,PM_US Post,0.15551484,0.11633574
1,DEWP,0.09841751,0.13101994
2,HUMI,0.12123917,0.13062224
3,PRES,0.093254104,0.116324365
4,TEMP,0.1324738,0.12622811
5,Iws,0.19191357,0.12511258
6,precipitation,0.09443882,0.12896077
7,Iprec,0.112748265,0.12539625
