,feature_name,instance_level,global_attention
0,PM_US Post,0.16113938,0.11465592
1,DEWP,0.09793694,0.13198459
2,HUMI,0.120279305,0.13176866
3,PRES,0.09255775,0.11519129
4,TEMP,0.13220397,0.12654722
5,Iws,0.19046935,0.1248189
6,precipitation,0.09367194,0.12955283
7,Iprec,0.11174139,0.12548055
