,feature_name,instance_level,global_attention
0,PM_US Post,0.1520641,0.11737639
1,DEWP,0.09875725,0.13059959
2,HUMI,0.12182145,0.12988445
3,PRES,0.09372376,0.11704174
4,TEMP,0.13273235,0.12612393
5,Iws,0.1927383,0.12520386
6,precipitation,0.094827354,0.12847869
7,Iprec,0.113335505,0.12529136
