,feature_name,instance_level,global_attention
0,PM_US Post,0.16176398,0.11447847
1,DEWP,0.097887814,0.13210468
2,HUMI,0.12016628,0.13189672
3,PRES,0.092483275,0.11503667
4,TEMP,0.13218915,0.12659019
5,Iws,0.19029914,0.124778636
6,precipitation,0.093585186,0.12962082
7,Iprec,0.1116252,0.12549378
