,feature_name,instance_level,global_attention
0,PM_US Post,0.15847372,0.11542829
1,DEWP,0.098159775,0.13151136
2,HUMI,0.120735474,0.13123028
3,PRES,0.09287069,0.11577488
4,TEMP,0.13232338,0.12639637
5,Iws,0.19119202,0.12499804
6,precipitation,0.094030924,0.12926939
7,Iprec,0.11221407,0.12539136
