,feature_name,instance_level,global_attention
0,PM_US Post,0.14383492,0.12024447
1,DEWP,0.099539205,0.1295387
2,HUMI,0.12352636,0.12824646
3,PRES,0.09503378,0.11868705
4,TEMP,0.13292953,0.12561056
5,Iws,0.19430774,0.12547672
6,precipitation,0.09588546,0.12693599
7,Iprec,0.11494308,0.12526004
