,feature_name,instance_level,global_attention
0,PM_US Post,0.16300862,0.11411619
1,DEWP,0.0977755,0.1323356
2,HUMI,0.119945295,0.13214622
3,PRES,0.092343636,0.114715874
4,TEMP,0.13215807,0.12667656
5,Iws,0.1899597,0.12468012
6,precipitation,0.09341552,0.12976906
7,Iprec,0.111393705,0.12556033
