,feature_name,instance_level,global_attention
0,PM_US Post,0.16262123,0.11423166
1,DEWP,0.0978095,0.13226284
2,HUMI,0.12001405,0.13206716
3,PRES,0.092386395,0.11481489
4,TEMP,0.13216636,0.12664787
5,Iws,0.19006756,0.124718726
6,precipitation,0.09346698,0.12971525
7,Iprec,0.11146799,0.1255416
